{"Niramit":{"fontFamily":"Niramit","slug":"kubio-Niramit-400-latin","name":"Niramit","unicodeRange":"U+0000-00FF, U+0131, U+0152-0153, U+02BB-02BC, U+02C6, U+02DA, U+02DC, U+0304, U+0308, U+0329, U+2000-206F, U+20AC, U+2122, U+2191, U+2193, U+2212, U+2215, U+FEFF, U+FFFD","fontFace":[{"fontFamily":"Niramit","fontWeight":"400","fontStyle":"italic","unicodeRange":"U+0000-00FF, U+0131, U+0152-0153, U+02BB-02BC, U+02C6, U+02DA, U+02DC, U+0304, U+0308, U+0329, U+2000-206F, U+20AC, U+2122, U+2191, U+2193, U+2212, U+2215, U+FEFF, U+FFFD","subset":"latin","src":["Niramit-400italic-latin.woff2"]},{"fontFamily":"Niramit","fontWeight":"700","fontStyle":"italic","unicodeRange":"U+0000-00FF, U+0131, U+0152-0153, U+02BB-02BC, U+02C6, U+02DA, U+02DC, U+0304, U+0308, U+0329, U+2000-206F, U+20AC, U+2122, U+2191, U+2193, U+2212, U+2215, U+FEFF, U+FFFD","subset":"latin","src":["Niramit-700italic-latin.woff2"]},{"fontFamily":"Niramit","fontWeight":"300","fontStyle":"normal","unicodeRange":"U+0000-00FF, U+0131, U+0152-0153, U+02BB-02BC, U+02C6, U+02DA, U+02DC, U+0304, U+0308, U+0329, U+2000-206F, U+20AC, U+2122, U+2191, U+2193, U+2212, U+2215, U+FEFF, U+FFFD","subset":"latin","src":["Niramit-300normal-latin.woff2"]},{"fontFamily":"Niramit","fontWeight":"400","fontStyle":"normal","unicodeRange":"U+0000-00FF, U+0131, U+0152-0153, U+02BB-02BC, U+02C6, U+02DA, U+02DC, U+0304, U+0308, U+0329, U+2000-206F, U+20AC, U+2122, U+2191, U+2193, U+2212, U+2215, U+FEFF, U+FFFD","subset":"latin","src":["Niramit-400normal-latin.woff2"]},{"fontFamily":"Niramit","fontWeight":"500","fontStyle":"normal","unicodeRange":"U+0000-00FF, U+0131, U+0152-0153, U+02BB-02BC, U+02C6, U+02DA, U+02DC, U+0304, U+0308, U+0329, U+2000-206F, U+20AC, U+2122, U+2191, U+2193, U+2212, U+2215, U+FEFF, U+FFFD","subset":"latin","src":["Niramit-500normal-latin.woff2"]},{"fontFamily":"Niramit","fontWeight":"600","fontStyle":"normal","unicodeRange":"U+0000-00FF, U+0131, U+0152-0153, U+02BB-02BC, U+02C6, U+02DA, U+02DC, U+0304, U+0308, U+0329, U+2000-206F, U+20AC, U+2122, U+2191, U+2193, U+2212, U+2215, U+FEFF, U+FFFD","subset":"latin","src":["Niramit-600normal-latin.woff2"]},{"fontFamily":"Niramit","fontWeight":"700","fontStyle":"normal","unicodeRange":"U+0000-00FF, U+0131, U+0152-0153, U+02BB-02BC, U+02C6, U+02DA, U+02DC, U+0304, U+0308, U+0329, U+2000-206F, U+20AC, U+2122, U+2191, U+2193, U+2212, U+2215, U+FEFF, U+FFFD","subset":"latin","src":["Niramit-700normal-latin.woff2"]}]},"Roboto":{"fontFamily":"Roboto","slug":"kubio-Roboto-400-latin","name":"Roboto","unicodeRange":"U+0000-00FF, U+0131, U+0152-0153, U+02BB-02BC, U+02C6, U+02DA, U+02DC, U+0304, U+0308, U+0329, U+2000-206F, U+20AC, U+2122, U+2191, U+2193, U+2212, U+2215, U+FEFF, U+FFFD","fontFace":[{"fontFamily":"Roboto","fontWeight":"400","fontStyle":"italic","unicodeRange":"U+0000-00FF, U+0131, U+0152-0153, U+02BB-02BC, U+02C6, U+02DA, U+02DC, U+0304, U+0308, U+0329, U+2000-206F, U+20AC, U+2122, U+2191, U+2193, U+2212, U+2215, U+FEFF, U+FFFD","subset":"latin","src":["Roboto-400italic-latin.woff2"]},{"fontFamily":"Roboto","fontWeight":"700","fontStyle":"italic","unicodeRange":"U+0000-00FF, U+0131, U+0152-0153, U+02BB-02BC, U+02C6, U+02DA, U+02DC, U+0304, U+0308, U+0329, U+2000-206F, U+20AC, U+2122, U+2191, U+2193, U+2212, U+2215, U+FEFF, U+FFFD","subset":"latin","src":["Roboto-700italic-latin.woff2"]},{"fontFamily":"Roboto","fontWeight":"300","fontStyle":"normal","unicodeRange":"U+0000-00FF, U+0131, U+0152-0153, U+02BB-02BC, U+02C6, U+02DA, U+02DC, U+0304, U+0308, U+0329, U+2000-206F, U+20AC, U+2122, U+2191, U+2193, U+2212, U+2215, U+FEFF, U+FFFD","subset":"latin","src":["Roboto-300normal-latin.woff2"]},{"fontFamily":"Roboto","fontWeight":"400","fontStyle":"normal","unicodeRange":"U+0000-00FF, U+0131, U+0152-0153, U+02BB-02BC, U+02C6, U+02DA, U+02DC, U+0304, U+0308, U+0329, U+2000-206F, U+20AC, U+2122, U+2191, U+2193, U+2212, U+2215, U+FEFF, U+FFFD","subset":"latin","src":["Roboto-400normal-latin.woff2"]},{"fontFamily":"Roboto","fontWeight":"600","fontStyle":"normal","unicodeRange":"U+0000-00FF, U+0131, U+0152-0153, U+02BB-02BC, U+02C6, U+02DA, U+02DC, U+0304, U+0308, U+0329, U+2000-206F, U+20AC, U+2122, U+2191, U+2193, U+2212, U+2215, U+FEFF, U+FFFD","subset":"latin","src":["Roboto-600normal-latin.woff2"]},{"fontFamily":"Roboto","fontWeight":"700","fontStyle":"normal","unicodeRange":"U+0000-00FF, U+0131, U+0152-0153, U+02BB-02BC, U+02C6, U+02DA, U+02DC, U+0304, U+0308, U+0329, U+2000-206F, U+20AC, U+2122, U+2191, U+2193, U+2212, U+2215, U+FEFF, U+FFFD","subset":"latin","src":["Roboto-700normal-latin.woff2"]}]},"Syne":{"fontFamily":"Syne","slug":"kubio-Syne-400-latin","name":"Syne","unicodeRange":"U+0000-00FF, U+0131, U+0152-0153, U+02BB-02BC, U+02C6, U+02DA, U+02DC, U+0304, U+0308, U+0329, U+2000-206F, U+20AC, U+2122, U+2191, U+2193, U+2212, U+2215, U+FEFF, U+FFFD","fontFace":[{"fontFamily":"Syne","fontWeight":"400","fontStyle":"normal","unicodeRange":"U+0000-00FF, U+0131, U+0152-0153, U+02BB-02BC, U+02C6, U+02DA, U+02DC, U+0304, U+0308, U+0329, U+2000-206F, U+20AC, U+2122, U+2191, U+2193, U+2212, U+2215, U+FEFF, U+FFFD","subset":"latin","src":["Syne-400normal-latin.woff2"]},{"fontFamily":"Syne","fontWeight":"700","fontStyle":"normal","unicodeRange":"U+0000-00FF, U+0131, U+0152-0153, U+02BB-02BC, U+02C6, U+02DA, U+02DC, U+0304, U+0308, U+0329, U+2000-206F, U+20AC, U+2122, U+2191, U+2193, U+2212, U+2215, U+FEFF, U+FFFD","subset":"latin","src":["Syne-700normal-latin.woff2"]}]}}